날짜,요일,홈,방문,구장,관중수
2017/03/31,금,두산,한화,잠실,"21,121"
2017/03/31,금,삼성,KIA,대구,"13,505"
2017/03/31,금,SK,KT,문학,"13,649"
2017/03/31,금,넥센,LG,고척,"8,013"
2017/03/31,금,NC,롯데,마산,"11,000"
2017/04/01,토,두산,한화,잠실,"20,636"
2017/04/01,토,삼성,KIA,대구,"10,062"
2017/04/01,토,SK,KT,문학,"11,291"
2017/04/01,토,넥센,LG,고척,"8,889"
2017/04/01,토,NC,롯데,마산,"9,596"
2017/04/02,일,두산,한화,잠실,"22,457"
2017/04/02,일,삼성,KIA,대구,"14,406"
2017/04/02,일,SK,KT,문학,"10,186"
2017/04/02,일,넥센,LG,고척,"9,130"
2017/04/02,일,NC,롯데,마산,"11,000"
2017/04/04,화,한화,NC,대전,"10,597"
2017/04/04,화,KT,두산,수원,"15,804"
2017/04/04,화,KIA,SK,광주,"18,069"
2017/04/04,화,LG,삼성,잠실,"16,411"
2017/04/04,화,롯데,넥센,사직,"24,954"
2017/04/06,목,한화,NC,대전,"6,150"
2017/04/06,목,KT,두산,수원,"4,426"
2017/04/06,목,KIA,SK,광주,"4,211"
2017/04/06,목,LG,삼성,잠실,"12,166"
2017/04/06,목,롯데,넥센,사직,"3,864"
2017/04/07,금,KIA,한화,광주,"8,296"
2017/04/07,금,롯데,LG,사직,"11,191"
2017/04/07,금,SK,NC,문학,"3,492"
2017/04/07,금,KT,삼성,수원,"5,147"
2017/04/07,금,두산,넥센,잠실,"10,027"
2017/04/08,토,KIA,한화,광주,"19,853"
2017/04/08,토,롯데,LG,사직,"22,607"
2017/04/08,토,SK,NC,문학,"9,279"
2017/04/08,토,KT,삼성,수원,"11,031"
2017/04/08,토,두산,넥센,잠실,"15,278"
2017/04/09,일,KIA,한화,광주,"16,614"
2017/04/09,일,롯데,LG,사직,"20,022"
2017/04/09,일,SK,NC,문학,"10,057"
2017/04/09,일,KT,삼성,수원,"13,174"
2017/04/09,일,두산,넥센,잠실,"13,177"
2017/04/11,화,삼성,한화,대구,"5,752"
2017/04/11,화,두산,KIA,잠실,"14,895"
2017/04/11,화,넥센,KT,고척,"2,535"
2017/04/11,화,NC,LG,마산,"4,582"
2017/04/11,화,SK,롯데,문학,"6,745"
2017/04/12,수,삼성,한화,대구,"6,060"
2017/04/12,수,두산,KIA,잠실,"13,649"
2017/04/12,수,넥센,KT,고척,"3,569"
2017/04/12,수,NC,LG,마산,"4,719"
2017/04/12,수,SK,롯데,문학,"6,183"
2017/04/13,목,삼성,한화,대구,"5,446"
2017/04/13,목,두산,KIA,잠실,"16,213"
2017/04/13,목,넥센,KT,고척,"3,802"
2017/04/13,목,NC,LG,마산,"5,134"
2017/04/13,목,SK,롯데,문학,"5,911"
2017/04/14,금,LG,KT,잠실,"9,710"
2017/04/14,금,NC,두산,마산,"4,576"
2017/04/14,금,한화,SK,대전,"6,657"
2017/04/14,금,롯데,삼성,사직,"12,459"
2017/04/14,금,KIA,넥센,광주,"8,098"
2017/04/15,토,LG,KT,잠실,"17,337"
2017/04/15,토,NC,두산,마산,"7,231"
2017/04/15,토,한화,SK,대전,"13,000"
2017/04/15,토,롯데,삼성,사직,"23,997"
2017/04/15,토,KIA,넥센,광주,"16,811"
2017/04/16,일,LG,KT,잠실,"15,224"
2017/04/16,일,NC,두산,마산,"7,069"
2017/04/16,일,한화,SK,대전,"11,090"
2017/04/16,일,롯데,삼성,사직,"20,841"
2017/04/16,일,KIA,넥센,광주,"13,578"
2017/04/18,화,KT,KIA,수원,"6,545"
2017/04/18,화,한화,LG,대전,"5,080"
2017/04/18,화,롯데,NC,사직,"12,252"
2017/04/18,화,두산,삼성,잠실,"6,391"
2017/04/18,화,SK,넥센,문학,"3,244"
2017/04/19,수,KT,KIA,수원,"10,493"
2017/04/19,수,한화,LG,대전,"7,213"
2017/04/19,수,롯데,NC,사직,"10,060"
2017/04/19,수,두산,삼성,잠실,"8,062"
2017/04/19,수,SK,넥센,문학,"4,817"
2017/04/20,목,KT,KIA,수원,"9,222"
2017/04/20,목,한화,LG,대전,"5,572"
2017/04/20,목,롯데,NC,사직,"8,148"
2017/04/20,목,두산,삼성,잠실,"8,509"
2017/04/20,목,SK,넥센,문학,"4,025"
2017/04/21,금,KT,한화,수원,"10,193"
2017/04/21,금,LG,KIA,잠실,"23,263"
2017/04/21,금,넥센,롯데,고척,"5,655"
2017/04/21,금,삼성,NC,대구,"6,951"
2017/04/21,금,SK,두산,문학,"10,071"
2017/04/22,토,KT,한화,수원,"18,507"
2017/04/22,토,LG,KIA,잠실,"25,000"
2017/04/22,토,넥센,롯데,고척,"12,276"
2017/04/22,토,삼성,NC,대구,"12,077"
2017/04/22,토,SK,두산,문학,"22,848"
2017/04/23,일,KT,한화,수원,"17,636"
2017/04/23,일,LG,KIA,잠실,"25,000"
2017/04/23,일,넥센,롯데,고척,"11,407"
2017/04/23,일,삼성,NC,대구,"11,153"
2017/04/23,일,SK,두산,문학,"22,501"
2017/04/25,화,롯데,한화,사직,"9,595"
2017/04/25,화,NC,KT,마산,"4,216"
2017/04/25,화,넥센,두산,고척,"6,411"
2017/04/25,화,LG,SK,잠실,"10,004"
2017/04/25,화,KIA,삼성,광주,"8,048"
2017/04/26,수,롯데,한화,사직,"12,203"
2017/04/26,수,NC,KT,마산,"5,184"
2017/04/26,수,넥센,두산,고척,"6,876"
2017/04/26,수,LG,SK,잠실,"10,730"
2017/04/26,수,KIA,삼성,광주,"11,214"
2017/04/27,목,롯데,한화,사직,"14,823"
2017/04/27,목,NC,KT,마산,"5,591"
2017/04/27,목,넥센,두산,고척,"8,402"
2017/04/27,목,LG,SK,잠실,"11,111"
2017/04/27,목,KIA,삼성,광주,"12,075"
2017/04/28,금,KT,LG,수원,"8,251"
2017/04/28,금,두산,롯데,잠실,"22,131"
2017/04/28,금,KIA,NC,광주,"15,088"
2017/04/28,금,삼성,SK,대구,"8,015"
2017/04/28,금,한화,넥센,대전,"8,639"
2017/04/29,토,KT,LG,수원,"17,105"
2017/04/29,토,두산,롯데,잠실,"25,000"
2017/04/29,토,KIA,NC,광주,"20,500"
2017/04/29,토,삼성,SK,대구,"12,011"
2017/04/29,토,한화,넥센,대전,"13,000"
2017/04/30,일,KT,LG,수원,"16,331"
2017/04/30,일,두산,롯데,잠실,"25,000"
2017/04/30,일,KIA,NC,광주,"20,500"
2017/04/30,일,삼성,SK,대구,"11,254"
2017/04/30,일,한화,넥센,대전,"11,286"
2017/05/02,화,SK,한화,문학,"19,045"
2017/05/02,화,넥센,KIA,고척,"14,223"
2017/05/02,화,KT,롯데,수원,"8,503"
2017/05/02,화,LG,NC,잠실,"14,887"
2017/05/02,화,삼성,두산,대구,"9,384"
2017/05/03,수,SK,한화,문학,"25,000"
2017/05/03,수,넥센,KIA,고척,"17,000"
2017/05/03,수,KT,롯데,수원,"16,078"
2017/05/03,수,LG,NC,잠실,"20,180"
2017/05/03,수,삼성,두산,대구,"14,812"
2017/05/04,목,SK,한화,문학,"23,069"
2017/05/04,목,넥센,KIA,고척,"17,000"
2017/05/04,목,KT,롯데,수원,"13,074"
2017/05/04,목,LG,NC,잠실,"18,843"
2017/05/04,목,삼성,두산,대구,"12,837"
2017/05/05,금,롯데,KIA,사직,"26,600"
2017/05/05,금,한화,KT,대전,"13,000"
2017/05/05,금,두산,LG,잠실,"25,000"
2017/05/05,금,넥센,SK,고척,"11,003"
2017/05/05,금,NC,삼성,마산,"11,000"
2017/05/06,토,롯데,KIA,사직,"26,600"
2017/05/06,토,한화,KT,대전,"13,000"
2017/05/06,토,두산,LG,잠실,"21,920"
2017/05/06,토,넥센,SK,고척,"9,332"
2017/05/06,토,NC,삼성,마산,"11,000"
2017/05/07,일,롯데,KIA,사직,"17,703"
2017/05/07,일,한화,KT,대전,"9,399"
2017/05/07,일,두산,LG,잠실,"21,273"
2017/05/07,일,넥센,SK,고척,"7,134"
2017/05/07,일,NC,삼성,마산,"8,013"
2017/05/09,화,KIA,KT,광주,"10,503"
2017/05/10,수,KIA,KT,광주,"8,760"
2017/05/10,수,삼성,LG,대구,"6,451"
2017/05/10,수,한화,롯데,대전,"6,408"
2017/05/10,수,두산,SK,잠실,"7,516"
2017/05/10,수,NC,넥센,마산,"4,482"
2017/05/11,목,KIA,KT,광주,"11,515"
2017/05/11,목,삼성,LG,대구,"7,263"
2017/05/11,목,한화,롯데,대전,"8,751"
2017/05/11,목,두산,SK,잠실,"8,531"
2017/05/11,목,NC,넥센,마산,"5,059"
2017/05/12,금,LG,한화,잠실,"20,357"
2017/05/12,금,SK,KIA,문학,"20,568"
2017/05/12,금,KT,NC,수원,"4,876"
2017/05/12,금,삼성,넥센,대구,"5,366"
2017/05/13,토,LG,한화,잠실,"22,063"
2017/05/13,토,SK,KIA,문학,"23,665"
2017/05/13,토,KT,NC,수원,"8,471"
2017/05/13,토,롯데,두산,사직,"22,806"
2017/05/13,토,삼성,넥센,대구,"11,024"
2017/05/14,일,LG,한화,잠실,"24,223"
2017/05/14,일,SK,KIA,문학,"25,000"
2017/05/14,일,KT,NC,수원,"9,085"
2017/05/14,일,롯데,두산,사직,"14,955"
2017/05/14,일,삼성,넥센,대구,"8,233"
2017/05/16,화,넥센,한화,고척,"10,660"
2017/05/16,화,롯데,KT,사직,"10,286"
2017/05/16,화,KIA,LG,광주,"11,107"
2017/05/16,화,두산,NC,잠실,"9,078"
2017/05/16,화,SK,삼성,문학,"5,861"
2017/05/17,수,넥센,한화,고척,"10,811"
2017/05/17,수,롯데,KT,사직,"8,165"
2017/05/17,수,KIA,LG,광주,"11,819"
2017/05/17,수,두산,NC,잠실,"9,290"
2017/05/17,수,SK,삼성,문학,"6,305"
2017/05/18,목,넥센,한화,고척,"11,745"
2017/05/18,목,롯데,KT,사직,"9,583"
2017/05/18,목,KIA,LG,광주,"13,279"
2017/05/18,목,두산,NC,잠실,"10,104"
2017/05/18,목,SK,삼성,문학,"7,133"
2017/05/19,금,LG,롯데,잠실,"19,653"
2017/05/19,금,KIA,두산,광주,"17,037"
2017/05/19,금,NC,SK,마산,"7,411"
2017/05/19,금,한화,삼성,대전,"10,285"
2017/05/19,금,KT,넥센,수원,"5,448"
2017/05/20,토,LG,롯데,잠실,"23,898"
2017/05/20,토,KIA,두산,광주,"20,500"
2017/05/20,토,NC,SK,마산,"9,386"
2017/05/20,토,한화,삼성,대전,"13,000"
2017/05/20,토,KT,넥센,수원,"10,831"
2017/05/21,일,LG,롯데,잠실,"22,054"
2017/05/21,일,KIA,두산,광주,"20,500"
2017/05/21,일,NC,SK,마산,"8,694"
2017/05/21,일,한화,삼성,대전,"13,000"
2017/05/21,일,KT,넥센,수원,"12,125"
2017/05/23,화,한화,KIA,대전,"6,858"
2017/05/23,화,삼성,KT,대구,"5,954"
2017/05/23,화,넥센,NC,고척,"5,021"
2017/05/23,화,롯데,SK,사직,"7,123"
2017/05/24,수,한화,KIA,대전,"8,296"
2017/05/24,수,삼성,KT,대구,"5,896"
2017/05/24,수,넥센,NC,고척,"4,326"
2017/05/24,수,LG,두산,잠실,"20,334"
2017/05/24,수,롯데,SK,사직,"7,684"
2017/05/25,목,한화,KIA,대전,"8,001"
2017/05/25,목,삼성,KT,대구,"8,912"
2017/05/25,목,넥센,NC,고척,"4,626"
2017/05/25,목,LG,두산,잠실,"20,442"
2017/05/25,목,롯데,SK,사직,"10,437"
2017/05/26,금,NC,한화,마산,"8,026"
2017/05/26,금,두산,KT,잠실,"12,763"
2017/05/26,금,SK,LG,문학,"14,027"
2017/05/26,금,KIA,롯데,광주,"17,363"
2017/05/26,금,넥센,삼성,고척,"6,074"
2017/05/27,토,NC,한화,마산,"10,177"
2017/05/27,토,두산,KT,잠실,"20,177"
2017/05/27,토,SK,LG,문학,"23,026"
2017/05/27,토,KIA,롯데,광주,"20,500"
2017/05/27,토,넥센,삼성,고척,"13,293"
2017/05/28,일,NC,한화,마산,"7,435"
2017/05/28,일,두산,KT,잠실,"15,159"
2017/05/28,일,SK,LG,문학,"20,225"
2017/05/28,일,KIA,롯데,광주,"17,099"
2017/05/28,일,넥센,삼성,고척,"9,891"
2017/05/30,화,NC,KIA,마산,"6,049"
2017/05/30,화,삼성,롯데,대구,"8,206"
2017/05/30,화,한화,두산,대전,"5,477"
2017/05/30,화,KT,SK,수원,"4,226"
2017/05/30,화,LG,넥센,잠실,"9,520"
2017/05/31,수,NC,KIA,마산,"5,931"
2017/05/31,수,삼성,롯데,대구,"7,827"
2017/05/31,수,한화,두산,대전,"6,745"
2017/05/31,수,KT,SK,수원,"4,011"
2017/05/31,수,LG,넥센,잠실,"10,290"
2017/06/01,목,NC,KIA,마산,"6,147"
2017/06/01,목,삼성,롯데,대구,"11,066"
2017/06/01,목,한화,두산,대전,"8,155"
2017/06/01,목,KT,SK,수원,"4,492"
2017/06/01,목,LG,넥센,잠실,"10,720"
2017/06/02,금,삼성,KIA,대구,"10,055"
2017/06/02,금,롯데,KT,사직,"13,115"
2017/06/02,금,LG,NC,잠실,"11,227"
2017/06/02,금,넥센,두산,고척,"8,389"
2017/06/02,금,한화,SK,대전,"7,641"
2017/06/03,토,삼성,KIA,대구,"18,148"
2017/06/03,토,롯데,KT,사직,"22,303"
2017/06/03,토,LG,NC,잠실,"19,180"
2017/06/03,토,넥센,두산,고척,"15,542"
2017/06/03,토,한화,SK,대전,"13,000"
2017/06/04,일,삼성,KIA,대구,"16,588"
2017/06/04,일,롯데,KT,사직,"14,836"
2017/06/04,일,LG,NC,잠실,"14,832"
2017/06/04,일,넥센,두산,고척,"12,839"
2017/06/04,일,한화,SK,대전,"11,217"
2017/06/06,화,NC,롯데,마산,"9,323"
2017/06/06,화,두산,삼성,잠실,"21,253"
2017/06/06,화,SK,넥센,문학,"17,997"
2017/06/07,수,KIA,한화,광주,"9,313"
2017/06/07,수,KT,LG,수원,"4,904"
2017/06/07,수,NC,롯데,마산,"9,494"
2017/06/07,수,두산,삼성,잠실,"9,149"
2017/06/07,수,SK,넥센,문학,"5,058"
2017/06/08,목,KIA,한화,광주,"12,060"
2017/06/08,목,KT,LG,수원,"7,696"
2017/06/08,목,NC,롯데,마산,"8,340"
2017/06/08,목,두산,삼성,잠실,"10,260"
2017/06/08,목,SK,넥센,문학,"5,903"
2017/06/09,금,NC,KT,마산,"6,611"
2017/06/09,금,롯데,두산,울산,"9,058"
2017/06/09,금,LG,SK,잠실,"11,023"
2017/06/09,금,한화,삼성,대전,"8,205"
2017/06/09,금,KIA,넥센,광주,"20,500"
2017/06/10,토,NC,KT,마산,"8,583"
2017/06/10,토,롯데,두산,울산,"9,777"
2017/06/10,토,LG,SK,잠실,"18,293"
2017/06/10,토,한화,삼성,대전,"13,000"
2017/06/10,토,KIA,넥센,광주,"20,500"
2017/06/11,일,NC,KT,마산,"7,088"
2017/06/11,일,롯데,두산,울산,"8,490"
2017/06/11,일,LG,SK,잠실,"13,837"
2017/06/11,일,한화,삼성,대전,"10,109"
2017/06/11,일,KIA,넥센,광주,"13,795"
2017/06/13,화,SK,한화,문학,"7,688"
2017/06/13,화,롯데,KIA,사직,"8,960"
2017/06/13,화,삼성,KT,포항,"5,973"
2017/06/13,화,두산,LG,잠실,"14,565"
2017/06/13,화,넥센,NC,고척,"5,621"
2017/06/14,수,SK,한화,문학,"8,657"
2017/06/14,수,롯데,KIA,사직,"9,430"
2017/06/14,수,삼성,KT,포항,"7,092"
2017/06/14,수,두산,LG,잠실,"16,136"
2017/06/14,수,넥센,NC,고척,"4,020"
2017/06/15,목,SK,한화,문학,"9,111"
2017/06/15,목,롯데,KIA,사직,"10,563"
2017/06/15,목,삼성,KT,포항,"6,226"
2017/06/15,목,두산,LG,잠실,"16,791"
2017/06/15,목,넥센,NC,고척,"4,681"
2017/06/16,금,KT,한화,수원,"10,096"
2017/06/16,금,KIA,LG,광주,"14,371"
2017/06/16,금,넥센,롯데,고척,"7,803"
2017/06/16,금,두산,NC,잠실,"10,226"
2017/06/16,금,삼성,SK,대구,"10,623"
2017/06/17,토,KT,한화,수원,"21,403"
2017/06/17,토,KIA,LG,광주,"20,500"
2017/06/17,토,넥센,롯데,고척,"14,019"
2017/06/17,토,두산,NC,잠실,"18,215"
2017/06/17,토,삼성,SK,대구,"13,777"
2017/06/18,일,KT,한화,수원,"14,675"
2017/06/18,일,KIA,LG,광주,"16,043"
2017/06/18,일,넥센,롯데,고척,"9,130"
2017/06/18,일,두산,NC,잠실,"13,271"
2017/06/18,일,삼성,SK,대구,"8,804"
2017/06/20,화,KT,롯데,수원,"4,705"
2017/06/20,화,SK,NC,문학,"4,902"
2017/06/20,화,LG,삼성,잠실,"13,098"
2017/06/20,화,한화,넥센,대전,"6,175"
2017/06/21,수,KT,롯데,수원,"5,805"
2017/06/21,수,SK,NC,문학,"5,136"
2017/06/21,수,KIA,두산,광주,"10,969"
2017/06/21,수,LG,삼성,잠실,"13,250"
2017/06/21,수,한화,넥센,대전,"7,379"
2017/06/22,목,KT,롯데,수원,"7,082"
2017/06/22,목,SK,NC,문학,"6,170"
2017/06/22,목,KIA,두산,광주,"11,547"
2017/06/22,목,LG,삼성,잠실,"14,197"
2017/06/22,목,한화,넥센,대전,"6,854"
2017/06/23,금,삼성,한화,대구,"12,726"
2017/06/23,금,NC,KIA,마산,"7,814"
2017/06/23,금,SK,KT,문학,"8,071"
2017/06/23,금,넥센,LG,고척,"10,922"
2017/06/23,금,두산,롯데,잠실,"16,262"
2017/06/24,토,삼성,한화,대구,"21,107"
2017/06/24,토,NC,KIA,마산,"11,000"
2017/06/24,토,SK,KT,문학,"15,346"
2017/06/24,토,넥센,LG,고척,"16,084"
2017/06/24,토,두산,롯데,잠실,"22,406"
2017/06/25,일,삼성,한화,대구,"9,579"
2017/06/25,일,NC,KIA,마산,"8,363"
2017/06/25,일,SK,KT,문학,"11,055"
2017/06/25,일,넥센,LG,고척,"14,294"
2017/06/25,일,두산,롯데,잠실,"13,870"
2017/06/27,화,한화,KT,청주,"10,000"
2017/06/27,화,롯데,LG,사직,"11,468"
2017/06/27,화,두산,SK,잠실,"8,079"
2017/06/27,화,KIA,삼성,광주,"8,279"
2017/06/27,화,NC,넥센,마산,"4,275"
2017/06/28,수,한화,KT,청주,"10,000"
2017/06/28,수,롯데,LG,사직,"8,947"
2017/06/28,수,두산,SK,잠실,"7,887"
2017/06/28,수,KIA,삼성,광주,"9,963"
2017/06/28,수,NC,넥센,마산,"5,055"
2017/06/29,목,한화,KT,청주,"10,000"
2017/06/29,목,두산,SK,잠실,"10,129"
2017/06/29,목,KIA,삼성,광주,"10,447"
2017/06/30,금,LG,KIA,잠실,"24,204"
2017/06/30,금,롯데,NC,사직,"7,463"
2017/06/30,금,한화,두산,대전,"7,616"
2017/06/30,금,SK,삼성,문학,"9,531"
2017/06/30,금,KT,넥센,수원,"4,186"
2017/07/01,토,LG,KIA,잠실,"25,000"
2017/07/01,토,롯데,NC,사직,"20,925"
2017/07/01,토,한화,두산,대전,"11,970"
2017/07/01,토,SK,삼성,문학,"20,050"
2017/07/02,일,LG,KIA,잠실,"19,697"
2017/07/02,일,롯데,NC,사직,"7,063"
2017/07/02,일,SK,삼성,문학,"7,855"
2017/07/02,일,KT,넥센,수원,"3,258"
2017/07/04,화,넥센,한화,고척,"10,738"
2017/07/04,화,SK,KIA,문학,"17,194"
2017/07/04,화,두산,KT,잠실,"5,747"
2017/07/04,화,삼성,롯데,포항,"6,045"
2017/07/05,수,넥센,한화,고척,"10,152"
2017/07/05,수,SK,KIA,문학,"16,799"
2017/07/05,수,두산,KT,잠실,"6,148"
2017/07/05,수,NC,LG,마산,"5,803"
2017/07/05,수,삼성,롯데,포항,"8,777"
2017/07/06,목,넥센,한화,고척,"10,449"
2017/07/06,목,SK,KIA,문학,"19,103"
2017/07/06,목,삼성,롯데,포항,"10,167"
2017/07/07,금,NC,두산,마산,"7,032"
2017/07/07,금,롯데,SK,사직,"10,430"
2017/07/07,금,삼성,넥센,대구,"10,180"
2017/07/08,토,LG,한화,잠실,"18,714"
2017/07/08,토,KT,KIA,수원,"22,000"
2017/07/08,토,롯데,SK,사직,"13,750"
2017/07/08,토,삼성,넥센,대구,"10,221"
2017/07/09,일,LG,한화,잠실,"22,129"
2017/07/09,일,NC,두산,마산,"6,875"
2017/07/09,일,롯데,SK,사직,"9,163"
2017/07/09,일,삼성,넥센,대구,"6,478"
2017/07/11,화,SK,LG,문학,"7,286"
2017/07/11,화,한화,롯데,대전,"7,860"
2017/07/11,화,KIA,NC,광주,"13,847"
2017/07/11,화,KT,삼성,수원,"4,067"
2017/07/11,화,두산,넥센,잠실,"7,015"
2017/07/12,수,SK,LG,문학,"7,148"
2017/07/12,수,한화,롯데,대전,"7,648"
2017/07/12,수,KIA,NC,광주,"13,916"
2017/07/12,수,KT,삼성,수원,"5,050"
2017/07/12,수,두산,넥센,잠실,"6,126"
2017/07/13,목,SK,LG,문학,"8,277"
2017/07/13,목,한화,롯데,대전,"7,270"
2017/07/13,목,KIA,NC,광주,"18,607"
2017/07/13,목,KT,삼성,수원,"5,154"
2017/07/13,목,두산,넥센,잠실,"7,739"
2017/07/18,화,넥센,KIA,고척,"15,947"
2017/07/18,화,LG,KT,잠실,"7,361"
2017/07/18,화,한화,NC,청주,"8,064"
2017/07/18,화,SK,두산,문학,"7,823"
2017/07/18,화,롯데,삼성,울산,"7,274"
2017/07/19,수,넥센,KIA,고척,"17,000"
2017/07/19,수,LG,KT,잠실,"7,713"
2017/07/19,수,한화,NC,청주,"7,772"
2017/07/19,수,SK,두산,문학,"8,376"
2017/07/19,수,롯데,삼성,울산,"7,256"
2017/07/20,목,넥센,KIA,고척,"17,000"
2017/07/20,목,LG,KT,잠실,"7,776"
2017/07/20,목,한화,NC,청주,"7,653"
2017/07/20,목,SK,두산,문학,"7,991"
2017/07/20,목,롯데,삼성,울산,"7,593"
2017/07/21,금,두산,한화,잠실,"13,564"
2017/07/21,금,넥센,KT,고척,"3,117"
2017/07/21,금,삼성,LG,대구,"7,806"
2017/07/21,금,KIA,롯데,광주,"17,927"
2017/07/21,금,NC,SK,마산,"7,380"
2017/07/22,토,두산,한화,잠실,"18,746"
2017/07/22,토,넥센,KT,고척,"6,213"
2017/07/22,토,KIA,롯데,광주,"20,500"
2017/07/22,토,NC,SK,마산,"8,212"
2017/07/23,일,두산,한화,잠실,"11,307"
2017/07/23,일,넥센,KT,고척,"4,379"
2017/07/23,일,삼성,LG,대구,"7,082"
2017/07/23,일,KIA,롯데,광주,"16,202"
2017/07/23,일,NC,SK,마산,"7,074"
2017/07/25,화,삼성,NC,대구,"5,061"
2017/07/25,화,KT,두산,수원,"5,165"
2017/07/25,화,KIA,SK,광주,"9,485"
2017/07/25,화,LG,넥센,잠실,"8,130"
2017/07/26,수,롯데,한화,사직,"12,091"
2017/07/26,수,삼성,NC,대구,"6,219"
2017/07/26,수,KT,두산,수원,"5,077"
2017/07/26,수,KIA,SK,광주,"10,723"
2017/07/26,수,LG,넥센,잠실,"8,292"
2017/07/27,목,롯데,한화,사직,"11,035"
2017/07/27,목,삼성,NC,대구,"7,294"
2017/07/27,목,KT,두산,수원,"5,591"
2017/07/27,목,KIA,SK,광주,"13,343"
2017/07/27,목,LG,넥센,잠실,"9,443"
2017/07/28,금,두산,KIA,잠실,"23,112"
2017/07/28,금,한화,LG,대전,"7,003"
2017/07/28,금,SK,롯데,문학,"10,086"
2017/07/28,금,KT,NC,수원,"3,090"
2017/07/28,금,넥센,삼성,고척,"7,638"
2017/07/29,토,두산,KIA,잠실,"25,000"
2017/07/29,토,한화,LG,대전,"11,007"
2017/07/29,토,SK,롯데,문학,"22,975"
2017/07/29,토,KT,NC,수원,"12,082"
2017/07/29,토,넥센,삼성,고척,"13,463"
2017/07/30,일,두산,KIA,잠실,"25,000"
2017/07/30,일,한화,LG,대전,"7,358"
2017/07/30,일,SK,롯데,문학,"19,413"
2017/07/30,일,KT,NC,수원,"8,145"
2017/07/30,일,넥센,삼성,고척,"11,668"
2017/08/01,화,NC,한화,마산,"7,697"
2017/08/01,화,KIA,KT,광주,"15,653"
2017/08/01,화,LG,롯데,잠실,"16,971"
2017/08/01,화,삼성,두산,대구,"10,313"
2017/08/01,화,넥센,SK,고척,"8,570"
2017/08/02,수,NC,한화,마산,"7,619"
2017/08/02,수,LG,롯데,잠실,"15,796"
2017/08/02,수,삼성,두산,대구,"10,301"
2017/08/02,수,넥센,SK,고척,"7,998"
2017/08/03,목,NC,한화,마산,"6,884"
2017/08/03,목,KIA,KT,광주,"16,918"
2017/08/03,목,LG,롯데,잠실,"15,429"
2017/08/03,목,삼성,두산,대구,"10,118"
2017/08/03,목,넥센,SK,고척,"9,522"
2017/08/04,금,한화,KIA,대전,"10,019"
2017/08/04,금,LG,두산,잠실,"20,144"
2017/08/04,금,KT,SK,수원,"5,195"
2017/08/04,금,NC,삼성,마산,"7,377"
2017/08/04,금,롯데,넥센,사직,"13,615"
2017/08/05,토,한화,KIA,대전,"11,871"
2017/08/05,토,LG,두산,잠실,"22,428"
2017/08/05,토,KT,SK,수원,"10,210"
2017/08/05,토,NC,삼성,마산,"8,125"
2017/08/05,토,롯데,넥센,사직,"17,364"
2017/08/06,일,LG,두산,잠실,"17,714"
2017/08/06,일,KT,SK,수원,"7,012"
2017/08/06,일,NC,삼성,마산,"5,544"
2017/08/06,일,롯데,넥센,사직,"10,979"
2017/08/08,화,두산,한화,잠실,"13,985"
2017/08/08,화,롯데,KT,사직,"10,012"
2017/08/08,화,삼성,LG,대구,"7,539"
2017/08/08,화,SK,NC,문학,"4,997"
2017/08/08,화,KIA,넥센,광주,"10,671"
2017/08/09,수,두산,한화,잠실,"15,137"
2017/08/09,수,롯데,KT,사직,"7,714"
2017/08/09,수,삼성,LG,대구,"6,221"
2017/08/09,수,SK,NC,문학,"4,622"
2017/08/09,수,KIA,넥센,광주,"11,096"
2017/08/10,목,NC,롯데,마산,"7,913"
2017/08/10,목,넥센,두산,고척,"13,205"
2017/08/10,목,LG,SK,잠실,"7,755"
2017/08/11,금,KT,KIA,수원,"16,711"
2017/08/11,금,NC,롯데,마산,"9,551"
2017/08/11,금,넥센,두산,고척,"12,096"
2017/08/11,금,LG,SK,잠실,"9,598"
2017/08/11,금,한화,삼성,대전,"6,642"
2017/08/12,토,넥센,한화,고척,"15,564"
2017/08/12,토,SK,KT,문학,"10,343"
2017/08/12,토,KIA,LG,광주,"19,446"
2017/08/12,토,삼성,롯데,대구,"17,333"
2017/08/12,토,두산,NC,잠실,"17,047"
2017/08/13,일,넥센,한화,고척,"12,511"
2017/08/13,일,SK,KT,문학,"9,215"
2017/08/13,일,삼성,롯데,대구,"13,617"
2017/08/13,일,두산,NC,잠실,"15,344"
2017/08/15,화,KIA,NC,광주,"16,545"
2017/08/15,화,롯데,두산,사직,"10,803"
2017/08/16,수,LG,KT,잠실,"7,168"
2017/08/16,수,KIA,NC,광주,"12,359"
2017/08/16,수,롯데,두산,사직,"21,105"
2017/08/16,수,한화,SK,대전,"3,187"
2017/08/16,수,삼성,넥센,대구,"6,396"
2017/08/17,목,NC,한화,마산,"6,020"
2017/08/17,목,두산,KIA,잠실,"20,103"
2017/08/17,목,SK,LG,문학,"6,107"
2017/08/17,목,넥센,롯데,고척,"11,998"
2017/08/17,목,KT,삼성,수원,"4,215"
2017/08/18,금,NC,한화,마산,"5,905"
2017/08/18,금,두산,KIA,잠실,"22,357"
2017/08/18,금,SK,LG,문학,"9,015"
2017/08/18,금,넥센,롯데,고척,"11,358"
2017/08/18,금,KT,삼성,수원,"8,895"
2017/08/19,토,한화,롯데,대전,"11,512"
2017/08/19,토,넥센,NC,고척,"9,760"
2017/08/19,토,KT,두산,수원,"16,453"
2017/08/19,토,KIA,SK,광주,"19,270"
2017/08/19,토,LG,삼성,잠실,"18,337"
2017/08/20,일,한화,롯데,대전,"5,643"
2017/08/20,일,넥센,NC,고척,"6,235"
2017/08/20,일,KT,두산,수원,"7,090"
2017/08/22,화,KT,한화,수원,"5,623"
2017/08/22,화,KIA,롯데,광주,"8,714"
2017/08/22,화,LG,NC,잠실,"8,626"
2017/08/22,화,SK,두산,문학,"8,067"
2017/08/22,화,넥센,삼성,고척,"6,144"
2017/08/23,수,KT,한화,수원,"4,174"
2017/08/23,수,KIA,롯데,광주,"9,789"
2017/08/23,수,LG,NC,잠실,"7,105"
2017/08/23,수,SK,두산,문학,"5,712"
2017/08/23,수,넥센,삼성,고척,"8,733"
2017/08/24,목,NC,KT,마산,"5,761"
2017/08/24,목,롯데,LG,사직,"13,838"
2017/08/24,목,삼성,SK,대구,"6,896"
2017/08/24,목,두산,넥센,잠실,"7,139"
2017/08/25,금,한화,KIA,대전,"6,471"
2017/08/25,금,NC,KT,마산,"7,305"
2017/08/25,금,롯데,LG,사직,"16,704"
2017/08/25,금,삼성,SK,대구,"7,478"
2017/08/25,금,두산,넥센,잠실,"10,083"
2017/08/26,토,SK,한화,문학,"23,874"
2017/08/26,토,NC,KIA,마산,"11,000"
2017/08/26,토,삼성,KT,대구,"16,096"
2017/08/26,토,두산,LG,잠실,"25,000"
2017/08/26,토,롯데,넥센,사직,"26,600"
2017/08/27,일,SK,한화,문학,"15,774"
2017/08/27,일,NC,KIA,마산,"7,620"
2017/08/27,일,삼성,KT,대구,"7,746"
2017/08/27,일,두산,LG,잠실,"19,592"
2017/08/27,일,롯데,넥센,사직,"21,858"
2017/08/29,화,삼성,KIA,대구,"7,630"
2017/08/29,화,한화,LG,대전,"3,670"
2017/08/29,화,두산,롯데,잠실,"17,150"
2017/08/29,화,KT,NC,수원,"4,335"
2017/08/29,화,넥센,SK,고척,"4,294"
2017/08/30,수,삼성,KIA,대구,"8,603"
2017/08/30,수,한화,LG,대전,"3,585"
2017/08/30,수,두산,롯데,잠실,"17,652"
2017/08/30,수,KT,NC,수원,"4,598"
2017/08/30,수,넥센,SK,고척,"4,310"
2017/08/31,목,한화,KT,대전,"3,790"
2017/08/31,목,롯데,NC,사직,"12,058"
2017/08/31,목,KIA,두산,광주,"14,068"
2017/08/31,목,SK,삼성,문학,"6,457"
2017/08/31,목,LG,넥센,잠실,"8,161"
2017/09/01,금,한화,KT,대전,"5,282"
2017/09/01,금,롯데,NC,사직,"15,119"
2017/09/01,금,KIA,두산,광주,"16,208"
2017/09/01,금,SK,삼성,문학,"22,526"
2017/09/01,금,LG,넥센,잠실,"9,705"
2017/09/02,토,롯데,한화,사직,"26,600"
2017/09/02,토,넥센,KIA,고척,"17,000"
2017/09/02,토,NC,LG,마산,"9,105"
2017/09/02,토,KT,SK,수원,"8,312"
2017/09/02,토,두산,삼성,잠실,"21,185"
2017/09/03,일,롯데,한화,사직,"20,502"
2017/09/03,일,넥센,KIA,고척,"17,000"
2017/09/03,일,NC,LG,마산,"7,518"
2017/09/03,일,KT,SK,수원,"6,569"
2017/09/03,일,두산,삼성,잠실,"21,654"
2017/09/05,화,LG,KIA,잠실,"17,754"
2017/09/05,화,SK,롯데,문학,"8,955"
2017/09/05,화,삼성,NC,대구,"3,529"
2017/09/05,화,한화,두산,대전,"3,757"
2017/09/05,화,KT,넥센,수원,"4,103"
2017/09/06,수,LG,KIA,잠실,"16,971"
2017/09/06,수,한화,두산,대전,"4,837"
2017/09/06,수,KT,넥센,수원,"3,958"
2017/09/07,목,KIA,한화,광주,"12,511"
2017/09/07,목,두산,KT,잠실,"8,151"
2017/09/07,목,넥센,LG,고척,"10,307"
2017/09/07,목,NC,SK,마산,"5,852"
2017/09/07,목,롯데,삼성,사직,"16,088"
2017/09/08,금,KIA,한화,광주,"15,929"
2017/09/08,금,두산,KT,잠실,"10,353"
2017/09/08,금,넥센,LG,고척,"9,902"
2017/09/08,금,NC,SK,마산,"6,317"
2017/09/08,금,롯데,삼성,사직,"21,258"
2017/09/09,토,KT,롯데,수원,"21,037"
2017/09/09,토,한화,NC,대전,"9,618"
2017/09/09,토,LG,두산,잠실,"24,112"
2017/09/09,토,KIA,삼성,광주,"20,500"
2017/09/09,토,SK,넥센,문학,"22,803"
2017/09/10,일,KT,롯데,수원,"18,406"
2017/09/10,일,한화,NC,대전,"7,096"
2017/09/10,일,LG,두산,잠실,"21,683"
2017/09/10,일,KIA,삼성,광주,"19,686"
2017/09/10,일,SK,넥센,문학,"18,137"
2017/09/12,화,삼성,한화,대구,"7,826"
2017/09/12,화,SK,KIA,문학,"19,349"
2017/09/12,화,넥센,KT,고척,"5,628"
2017/09/12,화,LG,롯데,잠실,"17,685"
2017/09/12,화,NC,두산,마산,"6,961"
2017/09/13,수,삼성,한화,대구,"9,174"
2017/09/13,수,SK,KIA,문학,"19,364"
2017/09/13,수,넥센,KT,고척,"7,033"
2017/09/13,수,LG,롯데,잠실,"19,068"
2017/09/13,수,NC,두산,마산,"7,206"
2017/09/14,목,롯데,KIA,사직,"17,991"
2017/09/14,목,KT,LG,수원,"8,015"
2017/09/14,목,두산,SK,잠실,"12,965"
2017/09/14,목,NC,삼성,마산,"6,423"
2017/09/14,목,한화,넥센,대전,"5,079"
2017/09/15,금,롯데,KIA,사직,"16,325"
2017/09/15,금,KT,LG,수원,"9,214"
2017/09/15,금,두산,SK,잠실,"14,770"
2017/09/15,금,NC,삼성,마산,"8,248"
2017/09/15,금,한화,넥센,대전,"6,091"
2017/09/16,토,LG,한화,잠실,"19,961"
2017/09/16,토,KIA,KT,광주,"17,941"
2017/09/16,토,삼성,두산,대구,"17,448"
2017/09/16,토,롯데,SK,사직,"18,652"
2017/09/16,토,NC,넥센,마산,"7,362"
2017/09/17,일,LG,한화,잠실,"16,454"
2017/09/17,일,KIA,KT,광주,"15,877"
2017/09/17,일,삼성,두산,대구,"14,061"
2017/09/17,일,롯데,SK,사직,"13,024"
2017/09/17,일,NC,넥센,마산,"7,286"
2017/09/19,화,LG,KT,잠실,"5,523"
2017/09/19,화,롯데,두산,사직,"14,916"
2017/09/19,화,KIA,SK,광주,"7,405"
2017/09/20,수,LG,한화,잠실,"9,719"
2017/09/20,수,NC,두산,마산,"5,256"
2017/09/20,수,KIA,SK,광주,"7,823"
2017/09/21,목,삼성,LG,대구,"8,304"
2017/09/21,목,KT,넥센,수원,"3,829"
2017/09/22,금,삼성,LG,대구,"10,073"
2017/09/22,금,한화,롯데,대전,"5,464"
2017/09/22,금,KIA,두산,광주,"14,107"
2017/09/23,토,KIA,KT,광주,"12,056"
2017/09/23,토,NC,LG,마산,"7,192"
2017/09/23,토,한화,삼성,대전,"7,539"
2017/09/23,토,롯데,넥센,사직,"23,194"
2017/09/24,일,KIA,한화,광주,"12,590"
2017/09/24,일,두산,KT,잠실,"18,802"
2017/09/24,일,NC,LG,마산,"6,706"
2017/09/26,화,롯데,한화,사직,"15,625"
2017/09/26,화,KIA,LG,광주,"11,894"
2017/09/27,수,삼성,NC,대구,"8,204"
2017/09/27,수,KT,두산,수원,"10,643"
2017/09/28,목,한화,KIA,대전,"5,738"
2017/09/28,목,KT,LG,수원,"7,628"
2017/09/29,금,한화,KIA,대전,"6,094"
2017/09/29,금,SK,롯데,문학,"25,000"
2017/09/29,금,LG,두산,잠실,"22,246"
2017/09/29,금,NC,넥센,마산,"7,338"
2017/09/30,토,한화,SK,대전,"7,264"
2017/09/30,토,LG,삼성,잠실,"18,477"
2017/09/30,토,NC,넥센,마산,"11,000"
2017/10/01,일,KT,KIA,수원,"22,000"
2017/10/01,일,한화,두산,대전,"9,141"
2017/10/01,일,LG,삼성,잠실,"19,440"
2017/10/02,월,KT,KIA,수원,"22,000"
2017/10/03,화,KT,KIA,수원,"22,000"
2017/10/03,화,롯데,LG,사직,"26,600"
2017/10/03,화,한화,NC,대전,"10,401"
2017/10/03,화,두산,SK,잠실,"25,000"
2017/10/03,화,삼성,넥센,대구,"24,000"